Category,Book Name,Price,Rating
Books,A Light in the Attic,Â£51.77,Three
Books,Tipping the Velvet,Â£53.74,One
Books,Soumission,Â£50.10,One
Books,Sharp Objects,Â£47.82,Four
Books,Sapiens: A Brief History of Humankind,Â£54.23,Five
Books,The Requiem Red,Â£22.65,One
Books,The Dirty Little Secrets of Getting Your Dream Job,Â£33.34,Four
Books,"The Coming Woman: A Novel Based on the Life of the Infamous Feminist, Victoria Woodhull",Â£17.93,Three
Books,The Boys in the Boat: Nine Americans and Their Epic Quest for Gold at the 1936 Berlin Olympics,Â£22.60,Four
Books,The Black Maria,Â£52.15,One
Books,"Starving Hearts (Triangular Trade Trilogy, #1)",Â£13.99,Two
Books,Shakespeare's Sonnets,Â£20.66,Four
Books,Set Me Free,Â£17.46,Five
Books,Scott Pilgrim's Precious Little Life (Scott Pilgrim #1),Â£52.29,Five
Books,Rip it Up and Start Again,Â£35.02,Five
Books,"Our Band Could Be Your Life: Scenes from the American Indie Underground, 1981-1991",Â£57.25,Three
Books,Olio,Â£23.88,One
Books,Mesaerion: The Best Science Fiction Stories 1800-1849,Â£37.59,One
Books,Libertarianism for Beginners,Â£51.33,Two
Books,It's Only the Himalayas,Â£45.17,Two
Travel,It's Only the Himalayas,Â£45.17,Two
Travel,Full Moon over Noahâs Ark: An Odyssey to Mount Ararat and Beyond,Â£49.43,Four
Travel,See America: A Celebration of Our National Parks & Treasured Sites,Â£48.87,Three
Travel,Vagabonding: An Uncommon Guide to the Art of Long-Term World Travel,Â£36.94,Two
Travel,Under the Tuscan Sun,Â£37.33,Three
Travel,A Summer In Europe,Â£44.34,Two
Travel,The Great Railway Bazaar,Â£30.54,One
Travel,A Year in Provence (Provence #1),Â£56.88,Four
Travel,The Road to Little Dribbling: Adventures of an American in Britain (Notes From a Small Island #2),Â£23.21,One
Travel,Neither Here nor There: Travels in Europe,Â£38.95,Three
Travel,"1,000 Places to See Before You Die",Â£26.08,Five
Mystery,Sharp Objects,Â£47.82,Four
Mystery,"In a Dark, Dark Wood",Â£19.63,One
Mystery,The Past Never Ends,Â£56.50,Four
Mystery,A Murder in Time,Â£16.64,One
Mystery,The Murder of Roger Ackroyd (Hercule Poirot #4),Â£44.10,Four
Mystery,The Last Mile (Amos Decker #2),Â£54.21,Two
Mystery,That Darkness (Gardiner and Renner #1),Â£13.92,One
Mystery,Tastes Like Fear (DI Marnie Rome #3),Â£10.69,One
Mystery,A Time of Torment (Charlie Parker #14),Â£48.35,Five
Mystery,A Study in Scarlet (Sherlock Holmes #1),Â£16.73,Two
Mystery,Poisonous (Max Revere Novels #3),Â£26.80,Three
Mystery,Murder at the 42nd Street Library (Raymond Ambler #1),Â£54.36,Four
Mystery,Most Wanted,Â£35.28,Three
Mystery,Hide Away (Eve Duncan #20),Â£11.84,One
Mystery,Boar Island (Anna Pigeon #19),Â£59.48,Three
Mystery,The Widow,Â£27.26,Two
Mystery,Playing with Fire,Â£13.71,Three
Mystery,What Happened on Beale Street (Secrets of the South Mysteries #2),Â£25.37,Five
Mystery,The Bachelor Girl's Guide to Murder (Herringford and Watts Mysteries #1),Â£52.30,Five
Mystery,Delivering the Truth (Quaker Midwife Mystery #1),Â£20.89,Four
Historical Fiction,Tipping the Velvet,Â£53.74,One
Historical Fiction,Forever and Forever: The Courtship of Henry Longfellow and Fanny Appleton,Â£29.69,Three
Historical Fiction,A Flight of Arrows (The Pathfinders #2),Â£55.53,Five
Historical Fiction,The House by the Lake,Â£36.95,One
Historical Fiction,Mrs. Houdini,Â£30.25,Five
Historical Fiction,The Marriage of Opposites,Â£28.08,Four
Historical Fiction,Glory over Everything: Beyond The Kitchen House,Â£45.84,Three
Historical Fiction,"Love, Lies and Spies",Â£20.55,Two
Historical Fiction,A Paris Apartment,Â£39.01,Four
Historical Fiction,Lilac Girls,Â£17.28,Two
Historical Fiction,The Constant Princess (The Tudor Court #1),Â£16.62,Three
Historical Fiction,The Invention of Wings,Â£37.34,One
Historical Fiction,World Without End (The Pillars of the Earth #2),Â£32.97,Four
Historical Fiction,The Passion of Dolssa,Â£28.32,Five
Historical Fiction,Girl With a Pearl Earring,Â£26.77,One
Historical Fiction,Voyager (Outlander #3),Â£21.07,Five
Historical Fiction,The Red Tent,Â£35.66,Five
Historical Fiction,The Last Painting of Sara de Vos,Â£55.55,Two
Historical Fiction,The Guernsey Literary and Potato Peel Pie Society,Â£49.53,One
Historical Fiction,Girl in the Blue Coat,Â£46.83,Two
Sequential Art,Scott Pilgrim's Precious Little Life (Scott Pilgrim #1),Â£52.29,Five
Sequential Art,Tsubasa: WoRLD CHRoNiCLE 2 (Tsubasa WoRLD CHRoNiCLE #2),Â£16.28,One
Sequential Art,This One Summer,Â£19.49,Four
Sequential Art,The Nameless City (The Nameless City #1),Â£38.16,Four
Sequential Art,"Saga, Volume 5 (Saga (Collected Editions) #5)",Â£51.04,Two
Sequential Art,"Rat Queens, Vol. 3: Demons (Rat Queens (Collected Editions) #11-15)",Â£50.40,Three
Sequential Art,"Princess Jellyfish 2-in-1 Omnibus, Vol. 01 (Princess Jellyfish 2-in-1 Omnibus #1)",Â£13.61,Five
Sequential Art,"Pop Gun War, Volume 1: Gift",Â£18.97,One
Sequential Art,Patience,Â£10.16,Three
Sequential Art,"Outcast, Vol. 1: A Darkness Surrounds Him (Outcast #1)",Â£15.44,Four
Sequential Art,orange: The Complete Collection 1 (orange: The Complete Collection #1),Â£48.41,One
Sequential Art,"Lumberjanes, Vol. 2: Friendship to the Max (Lumberjanes #5-8)",Â£46.91,Two
Sequential Art,"Lumberjanes, Vol. 1: Beware the Kitten Holy (Lumberjanes #1-4)",Â£45.61,Three
Sequential Art,Lumberjanes Vol. 3: A Terrible Plan (Lumberjanes #9-12),Â£19.92,Two
Sequential Art,"I Hate Fairyland, Vol. 1: Madly Ever After (I Hate Fairyland (Compilations) #1-5)",Â£29.17,Two
Sequential Art,I am a Hero Omnibus Volume 1,Â£54.63,Three
Sequential Art,"Giant Days, Vol. 2 (Giant Days #5-8)",Â£22.11,Two
Sequential Art,Danganronpa Volume 1,Â£51.99,Four
Sequential Art,"Codename Baboushka, Volume 1: The Conclave of Death",Â£36.72,Four
Sequential Art,Camp Midnight,Â£17.08,Four
Classics,The Secret Garden,Â£15.08,Four
Classics,The Metamorphosis,Â£28.58,One
Classics,The Pilgrim's Progress,Â£50.26,Two
Classics,The Hound of the Baskervilles (Sherlock Holmes #5),Â£14.82,Two
Classics,Little Women (Little Women #1),Â£28.07,Four
Classics,Gone with the Wind,Â£32.49,Three
Classics,Candide,Â£58.63,Three
Classics,Animal Farm,Â£57.22,Three
Classics,Wuthering Heights,Â£17.73,Three
Classics,The Picture of Dorian Gray,Â£29.70,Two
Classics,The Complete Stories and Poems (The Works of Edgar Allan Poe [Cameo Edition]),Â£26.78,Four
Classics,Beowulf,Â£38.35,Two
Classics,And Then There Were None,Â£35.01,Two
Classics,The Story of Hong Gildong,Â£43.19,Four
Classics,The Little Prince,Â£45.42,Two
Classics,Sense and Sensibility,Â£37.46,One
Classics,Of Mice and Men,Â£47.11,Two
Classics,Emma,Â£32.93,Two
Classics,Alice in Wonderland (Alice's Adventures in Wonderland #1),Â£55.53,One
Philosophy,Sophie's World,Â£15.94,Five
Philosophy,The Death of Humanity: and the Case for Life,Â£58.11,Four
Philosophy,The Stranger,Â£17.44,Four
Philosophy,Proofs of God: Classical Arguments from Tertullian to Barth,Â£54.21,One
Philosophy,Kierkegaard: A Christian Missionary to Christians,Â£47.13,One
Philosophy,"At The Existentialist CafÃ©: Freedom, Being, and apricot cocktails with: Jean-Paul Sartre, Simone de Beauvoir, Albert Camus, Martin Heidegger, Edmund Husserl, Karl Jaspers, Maurice Merleau-Ponty and others",Â£29.93,Five
Philosophy,Critique of Pure Reason,Â£20.75,One
Philosophy,"Run, Spot, Run: The Ethics of Keeping Pets",Â£20.02,One
Philosophy,The Nicomachean Ethics,Â£36.34,One
Philosophy,Meditations,Â£25.89,Two
Philosophy,Beyond Good and Evil,Â£43.38,One
Romance,Chase Me (Paris Nights #2),Â£25.27,Five
Romance,Black Dust,Â£34.53,Five
Romance,Her Backup Boyfriend (The Sorensen Family #1),Â£33.97,One
Romance,First and First (Five Boroughs #3),Â£15.97,Four
Romance,Fifty Shades Darker (Fifty Shades #2),Â£21.96,One
Romance,The Wedding Dress,Â£24.12,One
Romance,Suddenly in Love (Lake Haven #1),Â£55.99,Two
Romance,Something More Than This,Â£16.24,Four
Romance,Doing It Over (Most Likely To #1),Â£35.61,Three
Romance,The Wedding Pact (The O'Malleys #2),Â£32.61,Three
Romance,Hold Your Breath (Search and Rescue #1),Â£28.82,One
Romance,Dirty (Dive Bar #1),Â£40.83,Four
Romance,Take Me Home Tonight (Rock Star Romance #3),Â£53.98,Three
Romance,Off the Hook (Fishing for Trouble #1),Â£47.67,Three
Romance,A Gentleman's Position (Society of Gentlemen #3),Â£14.75,Five
Romance,"Sit, Stay, Love",Â£20.90,Three
Romance,A Girl's Guide to Moving On (New Beginnings #2),Â£31.30,One
Romance,The Perfect Play (Play by Play #1),Â£59.99,Three
Romance,Dark Lover (Black Dagger Brotherhood #1),Â£12.87,One
Romance,Changing the Game (Play by Play #2),Â£13.38,Three
Womens Fiction,I Had a Nice Time And Other Lies...: How to find love & sh*t like that,Â£57.36,Four
Womens Fiction,Will You Won't You Want Me?,Â£13.86,Three
Womens Fiction,Keep Me Posted,Â£20.46,Four
Womens Fiction,Grey (Fifty Shades #4),Â£48.49,Four
Womens Fiction,Meternity,Â£43.58,Three
Womens Fiction,Some Women,Â£13.73,Five
Womens Fiction,Shopaholic Ties the Knot (Shopaholic #3),Â£48.39,Five
Womens Fiction,Can You Keep a Secret?,Â£21.94,One
Womens Fiction,Twenties Girl,Â£42.80,Two
Womens Fiction,The Undomestic Goddess,Â£45.75,Four
Womens Fiction,The Nanny Diaries (Nanny #1),Â£52.53,Five
Womens Fiction,The Devil Wears Prada (The Devil Wears Prada #1),Â£44.29,One
Womens Fiction,Something Borrowed (Darcy & Rachel #1),Â£48.96,Five
Womens Fiction,Something Blue (Darcy & Rachel #2),Â£54.62,One
Womens Fiction,I've Got Your Number,Â£19.69,One
Womens Fiction,The Edge of Reason (Bridget Jones #2),Â£19.18,Four
Womens Fiction,Bridget Jones's Diary (Bridget Jones #1),Â£29.82,One
Fiction,Soumission,Â£50.10,One
Fiction,Private Paris (Private #10),Â£47.61,Five
Fiction,"We Love You, Charlie Freeman",Â£50.27,Five
Fiction,Thirst,Â£17.27,Five
Fiction,The Murder That Never Was (Forensic Instincts #5),Â£54.11,Three
Fiction,Tuesday Nights in 1980,Â£21.04,Two
Fiction,The Vacationers,Â£42.15,Four
Fiction,The Regional Office Is Under Attack!,Â£51.36,Five
Fiction,Finders Keepers (Bill Hodges Trilogy #2),Â£53.53,Five
Fiction,The Time Keeper,Â£27.88,Five
Fiction,The Testament of Mary,Â£52.67,Four
Fiction,The First Hostage (J.B. Collins #2),Â£25.85,Three
Fiction,Take Me with You,Â£45.21,Three
Fiction,Still Life with Bread Crumbs,Â£26.41,Three
Fiction,Shtum,Â£55.84,Four
Fiction,My Name Is Lucy Barton,Â£41.56,One
Fiction,My Mrs. Brown,Â£24.48,Three
Fiction,Mr. Mercedes (Bill Hodges Trilogy #1),Â£28.90,One
Fiction,I Am Pilgrim (Pilgrim #1),Â£10.60,Four
Fiction,Eligible (The Austen Project #4),Â£27.09,Three
Childrens,Birdsong: A Story in Pictures,Â£54.64,Three
Childrens,The Bear and the Piano,Â£36.89,One
Childrens,The Secret of Dreadwillow Carse,Â£56.13,One
Childrens,The White Cat and the Monk: A Retelling of the Poem âPangur BÃ¡nâ,Â£58.08,Four
Childrens,Little Red,Â£13.47,Three
Childrens,Walt Disney's Alice in Wonderland,Â£12.96,Five
Childrens,Twenty Yawns,Â£22.08,Two
Childrens,Rain Fish,Â£23.57,Three
Childrens,Once Was a Time,Â£18.28,Two
Childrens,Luis Paints the World,Â£53.95,Three
Childrens,Nap-a-Roo,Â£25.08,One
Childrens,The Whale,Â£35.96,Four
Childrens,"Shrunken Treasures: Literary Classics, Short, Sweet, and Silly",Â£52.87,Three
Childrens,Raymie Nightingale,Â£34.41,Two
Childrens,Playing from the Heart,Â£32.38,One
Childrens,Maybe Something Beautiful: How Art Transformed a Neighborhood,Â£22.54,One
Childrens,The Wild Robot,Â£56.07,Three
Childrens,The Thing About Jellyfish,Â£48.77,One
Childrens,The Lonely Ones,Â£43.59,Five
Childrens,The Day the Crayons Came Home (Crayons),Â£26.33,Five
Religion,"Don't Be a Jerk: And Other Practical Advice from Dogen, Japan's Greatest Zen Master",Â£37.97,Two
Religion,You Are What You Love: The Spiritual Power of Habit,Â£21.87,Four
Religion,God: The Most Unpleasant Character in All Fiction,Â£30.03,Five
Religion,The Book of Mormon,Â£24.57,Three
Religion,"A History of God: The 4,000-Year Quest of Judaism, Christianity, and Islam",Â£27.62,One
Religion,The Bhagavad Gita,Â£57.49,Three
Religion,Choosing Our Religion: The Spiritual Lives of America's Nones,Â£28.42,Four
Nonfiction,Worlds Elsewhere: Journeys Around Shakespeareâs Globe,Â£40.30,Five
Nonfiction,The Five Love Languages: How to Express Heartfelt Commitment to Your Mate,Â£31.05,Three
Nonfiction,Reasons to Stay Alive,Â£26.41,Two
Nonfiction,#HigherSelfie: Wake Up Your Life. Free Your Soul. Find Your Tribe.,Â£23.11,Five
Nonfiction,"Unseen City: The Majesty of Pigeons, the Discreet Charm of Snails & Other Wonders of the Urban Wilderness",Â£44.18,Four
Nonfiction,Throwing Rocks at the Google Bus: How Growth Became the Enemy of Prosperity,Â£31.12,Three
Nonfiction,The Life-Changing Magic of Tidying Up: The Japanese Art of Decluttering and Organizing,Â£16.77,Three
Nonfiction,The Gutsy Girl: Escapades for Your Life of Epic Adventure,Â£37.13,One
Nonfiction,The Electric Pencil: Drawings from Inside State Hospital No. 3,Â£56.06,One
Nonfiction,Spark Joy: An Illustrated Master Class on the Art of Organizing and Tidying Up,Â£41.83,Four
Nonfiction,Reskilling America: Learning to Labor in the Twenty-First Century,Â£19.83,Two
Nonfiction,In the Country We Love: My Family Divided,Â£22.00,Four
Nonfiction,Everydata: The Misinformation Hidden in the Little Data You Consume Every Day,Â£54.35,Two
Nonfiction,Call the Nurse: True Stories of a Country Nurse on a Scottish Isle,Â£29.14,Five
Nonfiction,Algorithms to Live By: The Computer Science of Human Decisions,Â£30.81,One
Nonfiction,The Power of Now: A Guide to Spiritual Enlightenment,Â£43.54,Two
Nonfiction,The Omnivore's Dilemma: A Natural History of Four Meals,Â£38.21,Two
Nonfiction,The Genius of Birds,Â£17.24,One
Nonfiction,The Artist's Way: A Spiritual Path to Higher Creativity,Â£38.49,Five
Nonfiction,So You've Been Publicly Shamed,Â£12.23,Two
Music,Rip it Up and Start Again,Â£35.02,Five
Music,"Our Band Could Be Your Life: Scenes from the American Indie Underground, 1981-1991",Â£57.25,Three
Music,How Music Works,Â£37.32,Two
Music,Love Is a Mix Tape (Music #1),Â£18.03,One
Music,Please Kill Me: The Uncensored Oral History of Punk,Â£31.19,Four
Music,Kill 'Em and Leave: Searching for James Brown and the American Soul,Â£45.05,Five
Music,"Chronicles, Vol. 1",Â£52.60,Two
Music,This Is Your Brain on Music: The Science of a Human Obsession,Â£38.40,One
Music,"Orchestra of Exiles: The Story of Bronislaw Huberman, the Israel Philharmonic, and the One Thousand Jews He Saved from Nazi Horrors",Â£12.36,Three
Music,No One Here Gets Out Alive,Â£20.02,Five
Music,Life,Â£31.58,Five
Music,Old Records Never Die: One Man's Quest for His Vinyl and His Past,Â£55.66,Two
Music,Forever Rockers (The Rocker #12),Â£28.80,Three
Default,"The Coming Woman: A Novel Based on the Life of the Infamous Feminist, Victoria Woodhull",Â£17.93,Three
Default,The Boys in the Boat: Nine Americans and Their Epic Quest for Gold at the 1936 Berlin Olympics,Â£22.60,Four
Default,"Starving Hearts (Triangular Trade Trilogy, #1)",Â£13.99,Two
Default,America's Cradle of Quarterbacks: Western Pennsylvania's Football Factory from Johnny Unitas to Joe Montana,Â£22.50,Three
Default,Aladdin and His Wonderful Lamp,Â£53.13,Three
Default,Penny Maybe,Â£33.29,Three
Default,Maude (1883-1993):She Grew Up with the country,Â£18.02,Two
Default,"The Inefficiency Assassin: Time Management Tactics for Working Smarter, Not Longer",Â£20.59,Five
Default,Soul Reader,Â£39.58,Two
Default,Bossypants,Â£49.46,Two
Default,A World of Flavor: Your Gluten Free Passport,Â£42.95,One
Default,"A Piece of Sky, a Grain of Rice: A Memoir in Four Meditations",Â£56.76,Five
Default,Tracing Numbers on a Train,Â£41.60,Three
Default,Thirteen Reasons Why,Â£52.72,One
Default,The Secret (The Secret #1),Â£27.37,Four
Default,The Psychopath Test: A Journey Through the Madness Industry,Â£36.00,Two
Default,The Kite Runner,Â£41.82,Four
Default,The Girl on the Train,Â£55.02,Two
Default,The Emerald Mystery,Â£23.15,Two
Default,The Bridge to Consciousness: I'm Writing the Bridge Between Science and Our Old and New Beliefs.,Â£32.00,Three
Science Fiction,Mesaerion: The Best Science Fiction Stories 1800-1849,Â£37.59,One
Science Fiction,Join,Â£35.67,Five
Science Fiction,"William Shakespeare's Star Wars: Verily, A New Hope (William Shakespeare's Star Wars #4)",Â£43.30,Four
Science Fiction,The Project,Â£10.65,One
Science Fiction,Soft Apocalypse,Â£26.12,Two
Science Fiction,Sleeping Giants (Themis Files #1),Â£48.74,One
Science Fiction,Arena,Â£21.36,Four
Science Fiction,Foundation (Foundation (Publication Order) #1),Â£32.42,One
Science Fiction,The Restaurant at the End of the Universe (Hitchhiker's Guide to the Galaxy #2),Â£10.92,One
Science Fiction,Ready Player One,Â£19.07,Four
Science Fiction,"Life, the Universe and Everything (Hitchhiker's Guide to the Galaxy #3)",Â£33.26,Two
Science Fiction,Dune (Dune #1),Â£54.86,One
Science Fiction,Do Androids Dream of Electric Sheep? (Blade Runner #1),Â£51.48,One
Science Fiction,Three Wishes (River of Time: California #1),Â£44.18,Two
Science Fiction,The Last Girl (The Dominion Trilogy #1),Â£36.26,Two
Science Fiction,Having the Barbarian's Baby (Ice Planet Barbarians #7.5),Â£34.96,Four
Sports and Games,The Book of Basketball: The NBA According to The Sports Guy,Â£44.84,Five
Sports and Games,"Friday Night Lights: A Town, a Team, and a Dream",Â£51.22,Three
Sports and Games,Sugar Rush (Offensive Line #2),Â£24.42,One
Sports and Games,Settling the Score (The Summer Games #1),Â£44.91,Two
Sports and Games,Icing (Aces Hockey #2),Â£40.44,Four
Add a comment,The Torch Is Passed: A Harding Family Story,Â£19.09,One
Add a comment,"The Mindfulness and Acceptance Workbook for Anxiety: A Guide to Breaking Free from Anxiety, Phobias, and Worry Using Acceptance and Commitment Therapy",Â£23.89,Four
Add a comment,The Art Forger,Â£40.76,Three
Add a comment,On a Midnight Clear,Â£14.07,Three
Add a comment,Judo: Seven Steps to Black Belt (an Introductory Guide for Beginners),Â£53.90,Two
Add a comment,"Shobu Samurai, Project Aryoku (#3)",Â£29.06,Three
Add a comment,Modern Romance,Â£28.26,Five
Add a comment,The White Queen (The Cousins' War #1),Â£25.91,Five
Add a comment,The Song of Achilles,Â£37.40,Five
Add a comment,The Immortal Life of Henrietta Lacks,Â£40.67,Two
Add a comment,The Dovekeepers,Â£48.78,One
Add a comment,More Than Music (Chasing the Dream #1),Â£37.61,Two
Add a comment,Code Name Verity (Code Name Verity #1),Â£22.13,Four
Add a comment,Cell,Â£20.29,Four
Add a comment,Angels Walking (Angels Walking #1),Â£34.20,Two
Add a comment,"A Series of Catastrophes and Miracles: A True Story of Love, Science, and Cancer",Â£56.48,Two
Add a comment,A People's History of the United States,Â£40.79,Two
Add a comment,A Brush of Wings (Angels Walking #3),Â£55.51,One
Add a comment,Rook,Â£37.86,Four
Add a comment,The Midnight Watch: A Novel of the Titanic and the Californian,Â£26.20,One
Fantasy,Unicorn Tracks,Â£18.78,Three
Fantasy,"Saga, Volume 6 (Saga (Collected Editions) #6)",Â£25.02,Three
Fantasy,Princess Between Worlds (Wide-Awake Princess #5),Â£13.34,Five
Fantasy,Masks and Shadows,Â£56.40,Two
Fantasy,Crown of Midnight (Throne of Glass #2),Â£43.29,Three
Fantasy,"Avatar: The Last Airbender: Smoke and Shadow, Part 3 (Smoke and Shadow #3)",Â£28.09,Two
Fantasy,A Court of Thorns and Roses (A Court of Thorns and Roses #1),Â£52.37,One
Fantasy,Throne of Glass (Throne of Glass #1),Â£35.07,Three
Fantasy,The Glittering Court (The Glittering Court #1),Â£44.28,One
Fantasy,Hollow City (Miss Peregrineâs Peculiar Children #2),Â£42.98,One
Fantasy,The Star-Touched Queen,Â£46.02,Five
Fantasy,The Hidden Oracle (The Trials of Apollo #1),Â£52.26,Two
Fantasy,The Bane Chronicles (The Bane Chronicles #1-11),Â£44.73,Four
Fantasy,Island of Dragons (Unwanteds #7),Â£29.65,One
Fantasy,Demigods & Magicians: Percy and Annabeth Meet the Kanes (Percy Jackson & Kane Chronicles Crossover #1-3),Â£37.51,Five
Fantasy,City of Glass (The Mortal Instruments #3),Â£56.02,Four
Fantasy,Searching for Meaning in Gailana,Â£38.73,One
Fantasy,The Star-Touched Queen,Â£32.30,Five
Fantasy,A Shard of Ice (The Black Symphony Saga #1),Â£56.63,Three
Fantasy,King's Folly (The Kinsman Chronicles #1),Â£39.61,Five
New Adult,Without Borders (Wanderlove #1),Â£45.07,Two
New Adult,The Mistake (Off-Campus #2),Â£43.29,Three
New Adult,The Matchmaker's Playbook (Wingmen Inc. #1),Â£55.85,One
New Adult,The Hook Up (Game On #1),Â£36.29,Five
New Adult,Shameless,Â£58.35,Three
New Adult,Off Sides (Off #1),Â£39.45,Five
Young Adult,The Requiem Red,Â£22.65,One
Young Adult,Set Me Free,Â£17.46,Five
Young Adult,The Natural History of Us (The Fine Art of Pretending #2),Â£45.22,Three
Young Adult,Obsidian (Lux #1),Â£14.86,Two
Young Adult,Burning,Â£28.81,Three
Young Adult,A Fierce and Subtle Poison,Â£28.13,Four
Young Adult,Scarlett Epstein Hates It Here,Â£43.55,Five
Young Adult,"Nightingale, Sing",Â£38.28,One
Young Adult,Library of Souls (Miss Peregrineâs Peculiar Children #3),Â£48.56,Five
Young Adult,Frostbite (Vampire Academy #2),Â£29.99,Five
Young Adult,Wild Swans,Â£14.36,Two
Young Adult,Until Friday Night (The Field Party #1),Â£46.31,Two
Young Adult,This Is Where It Ends,Â£27.12,Two
Young Adult,The Darkest Lie,Â£35.35,Five
Young Adult,My Kind of Crazy,Â£40.36,One
Young Adult,Don't Get Caught,Â£55.35,One
Young Adult,Catching Jordan (Hundred Oaks),Â£50.83,Three
Young Adult,Aristotle and Dante Discover the Secrets of the Universe (Aristotle and Dante Discover the Secrets of the Universe #1),Â£58.14,Four
Young Adult,The Epidemic (The Program 0.6),Â£14.44,Five
Young Adult,Stars Above (The Lunar Chronicles #4.5),Â£48.05,Two
Science,The Most Perfect Thing: Inside (and Outside) a Bird's Egg,Â£42.96,Four
Science,Immunity: How Elie Metchnikoff Changed the Course of Modern Medicine,Â£57.36,Five
Science,Sorting the Beef from the Bull: The Science of Food Fraud Forensics,Â£44.74,Four
Science,Tipping Point for Planet Earth: How Close Are We to the Edge?,Â£37.55,One
Science,"The Fabric of the Cosmos: Space, Time, and the Texture of Reality",Â£55.91,One
Science,Diary of a Citizen Scientist: Chasing Tiger Beetles and Other New Ways of Engaging the World,Â£28.41,One
Science,The Origin of Species,Â£10.01,Four
Science,The Grand Design,Â£13.76,Three
Science,Peak: Secrets from the New Science of Expertise,Â£16.28,Two
Science,"The Elegant Universe: Superstrings, Hidden Dimensions, and the Quest for the Ultimate Theory",Â£13.03,Four
Science,"The Disappearing Spoon: And Other True Tales of Madness, Love, and the History of the World from the Periodic Table of the Elements",Â£57.35,Five
Science,"Surely You're Joking, Mr. Feynman!: Adventures of a Curious Character",Â£25.83,Two
Science,Seven Brief Lessons on Physics,Â£30.60,Four
Science,The Selfish Gene,Â£29.45,One
Poetry,A Light in the Attic,Â£51.77,Three
Poetry,The Black Maria,Â£52.15,One
Poetry,Shakespeare's Sonnets,Â£20.66,Four
Poetry,Olio,Â£23.88,One
Poetry,You can't bury them all: Poems,Â£33.63,Two
Poetry,Slow States of Collapse: Poems,Â£57.31,Three
Poetry,Untitled Collection: Sabbath Poems 2014,Â£14.27,Four
Poetry,Poems That Make Grown Women Cry,Â£14.19,Four
Poetry,Night Sky with Exit Wounds,Â£41.05,One
Poetry,salt.,Â£46.78,Four
Poetry,"Quarter Life Poetry: Poems for the Young, Broke and Hangry",Â£50.89,Five
Poetry,Out of Print: City Lights Spotlight No. 14,Â£53.64,Five
Poetry,Les Fleurs du Mal,Â£29.04,Five
Poetry,Howl and Other Poems,Â£40.45,Two
Poetry,Leave This Song Behind: Teen Poetry at Its Best,Â£51.17,Five
Poetry,The Collected Poems of W.B. Yeats (The Collected Works of W.B. Yeats #1),Â£15.42,Five
Poetry,The Crossover,Â£38.77,Four
Poetry,Booked,Â£17.49,Five
Poetry,Twenty Love Poems and a Song of Despair,Â£30.95,Four
Paranormal,"Vampire Knight, Vol. 1 (Vampire Knight #1)",Â£15.40,One
Art,Wall and Piece,Â£44.18,Four
Art,Feathers: Displays of Brilliant Plumage,Â£49.05,Three
Art,Art and Fear: Observations on the Perils (and Rewards) of Artmaking,Â£48.63,Four
Art,The New Drawing on the Right Side of the Brain,Â£43.02,Three
Art,History of Beauty,Â£10.29,Four
Art,The Story of Art,Â£41.14,Four
Art,The Art Book,Â£32.34,Two
Art,Ways of Seeing,Â£39.51,Five
Psychology,The Lucifer Effect: Understanding How Good People Turn Evil,Â£10.40,One
Psychology,The Golden Condom: And Other Essays on Love Lost and Found,Â£39.43,One
Psychology,It Didn't Start with You: How Inherited Family Trauma Shapes Who We Are and How to End the Cycle,Â£56.27,Three
Psychology,An Unquiet Mind: A Memoir of Moods and Madness,Â£21.30,Three
Psychology,"Thinking, Fast and Slow",Â£21.14,One
Psychology,Civilization and Its Discontents,Â£59.95,Two
Psychology,8 Keys to Mental Health Through Exercise,Â£31.04,One
Autobiography,The Argonauts,Â£10.93,Two
Autobiography,M Train,Â£27.18,One
Autobiography,Lab Girl,Â£40.85,One
Autobiography,Approval Junkie: Adventures in Caring Too Much,Â£58.81,Five
Autobiography,Running with Scissors,Â£12.91,Four
Autobiography,Me Talk Pretty One Day,Â£57.60,Two
Autobiography,Lust & Wonder,Â£11.87,Two
Autobiography,Life Without a Recipe,Â£59.04,Five
Autobiography,A Heartbreaking Work of Staggering Genius,Â£54.29,Five
Parenting,Catastrophic Happiness: Finding Joy in Childhood's Messy Years,Â£37.35,Two
Adult Fiction,Fifty Shades Freed (Fifty Shades #3),Â£15.36,Five
Humor,The Long Haul (Diary of a Wimpy Kid #9),Â£44.07,One
Humor,Old School (Diary of a Wimpy Kid #10),Â£11.83,Five
Humor,I Know What I'm Doing -- and Other Lies I Tell Myself: Dispatches from a Life Under Construction,Â£25.98,Four
Humor,"Hyperbole and a Half: Unfortunate Situations, Flawed Coping Mechanisms, Mayhem, and Other Things That Happened",Â£14.75,Five
Humor,Dress Your Family in Corduroy and Denim,Â£43.68,Three
Humor,Toddlers Are A**holes: It's Not Your Fault,Â£25.55,One
Humor,When You Are Engulfed in Flames,Â£30.89,Five
Humor,Naked,Â£31.69,Three
Humor,"Lamb: The Gospel According to Biff, Christ's Childhood Pal",Â£55.50,Five
Humor,Holidays on Ice,Â£51.07,Two
Horror,Security,Â£39.25,Two
Horror,Follow You Home,Â£21.36,One
Horror,The Loney,Â£23.40,One
Horror,Pet Sematary,Â£10.56,Three
Horror,Doctor Sleep (The Shining #2),Â£40.12,Two
Horror,Psycho: Sanitarium (Psycho #1.5),Â£36.97,Five
Horror,Can You Keep a Secret? (Fear Street Relaunch #4),Â£48.64,One
Horror,Red Dragon (Hannibal Lecter #1),Â£23.37,Three
Horror,Dracula the Un-Dead,Â£35.63,Five
Horror,Night Shift (Night Shift #1-20),Â£12.75,Four
Horror,Needful Things,Â£47.51,Four
Horror,Misery,Â£34.79,Two
Horror,It,Â£25.01,Three
Horror,'Salem's Lot,Â£49.56,Four
Horror,The Stand,Â£57.86,Two
Horror,The Girl with All the Gifts,Â£49.47,Three
Horror,House of Leaves,Â£54.89,One
History,Sapiens: A Brief History of Humankind,Â£54.23,Five
History,"Unbound: How Eight Technologies Made Us Human, Transformed Society, and Brought Our World to the Brink",Â£25.52,One
History,The Age of Genius: The Seventeenth Century and the Birth of the Modern Mind,Â£19.73,One
History,"Political Suicide: Missteps, Peccadilloes, Bad Calls, Backroom Hijinx, Sordid Pasts, Rotten Breaks, and Just Plain Dumb Mistakes in the Annals of American Politics",Â£36.28,Two
History,Thomas Jefferson and the Tripoli Pirates: The Forgotten War That Changed American History,Â£59.64,One
History,Zealot: The Life and Times of Jesus of Nazareth,Â£24.70,Three
History,A Distant Mirror: The Calamitous 14th Century,Â£14.58,Three
History,1491: New Revelations of the Americas Before Columbus,Â£21.80,Three
History,Brilliant Beacons: A History of the American Lighthouse,Â£11.45,Three
History,"""Most Blessed of the Patriarchs"": Thomas Jefferson and the Empire of the Imagination",Â£44.48,Five
History,A Short History of Nearly Everything,Â£52.40,Five
History,The Rise and Fall of the Third Reich: A History of Nazi Germany,Â£39.67,Two
History,Catherine the Great: Portrait of a Woman,Â£58.55,Four
History,The Mathews Men: Seven Brothers and the War Against Hitler's U-boats,Â£42.91,Five
History,The Hiding Place,Â£55.91,Four
History,America's War for the Greater Middle East: A Military History,Â£51.22,Two
History,The Guns of August,Â£14.54,Two
History,"House of Lost Worlds: Dinosaurs, Dynasties, and the Story of Life on Earth",Â£43.70,Two
Food and Drink,"Foolproof Preserving: A Guide to Small Batch Jams, Jellies, Pickles, Condiments, and More: A Foolproof Guide to Making Small Batch Jams, Jellies, Pickles, Condiments, and More",Â£30.52,Three
Food and Drink,"The Pioneer Woman Cooks: Dinnertime: Comfort Classics, Freezer Food, 16-Minute Meals, and Other Delicious Ways to Solve Supper!",Â£56.41,One
Food and Drink,My Paris Kitchen: Recipes and Stories,Â£33.37,Two
Food and Drink,"Mama Tried: Traditional Italian Cooking for the Screwed, Crude, Vegan, and Tattooed",Â£14.02,Four
Food and Drink,"Layered: Baking, Building, and Styling Spectacular Cakes",Â£40.11,One
Food and Drink,The Nerdy Nummies Cookbook: Sweet Treats for the Geek in All of Us,Â£37.34,Five
Food and Drink,The Love and Lemons Cookbook: An Apple-to-Zucchini Celebration of Impromptu Cooking,Â£37.60,Two
Food and Drink,The Cookies & Cups Cookbook: 125+ sweet & savory recipes reminding you to Always Eat Dessert First,Â£41.25,One
Food and Drink,"Deliciously Ella Every Day: Quick and Easy Recipes for Gluten-Free Snacks, Packed Lunches, and Simple Meals",Â£42.16,Three
Food and Drink,The Help Yourself Cookbook for Kids: 60 Easy Plant-Based Recipes Kids Can Make to Stay Healthy and Save the Earth,Â£28.77,Three
Food and Drink,"It's All Easy: Healthy, Delicious Weeknight Meals in under 30 Minutes",Â£19.55,One
Food and Drink,Barefoot Contessa Back to Basics,Â£28.01,One
Food and Drink,Barefoot Contessa at Home: Everyday Recipes You'll Make Over and Over Again,Â£50.62,Five
Food and Drink,My Kitchen Year: 136 Recipes That Saved My Life,Â£11.53,Two
Food and Drink,Everyday Italian: 125 Simple and Delicious Recipes,Â£20.10,Five
Food and Drink,"A la Mode: 120 Recipes in 60 Pairings: Pies, Tarts, Cakes, Crisps, and More Topped with Ice Cream, Gelato, Frozen Custard, and More",Â£38.77,One
Food and Drink,Cravings: Recipes for What You Want to Eat,Â£20.50,Three
Food and Drink,"The Moosewood Cookbook: Recipes from Moosewood Restaurant, Ithaca, New York",Â£12.34,Four
Food and Drink,32 Yolks,Â£53.63,Two
Food and Drink,"Naturally Lean: 125 Nourishing Gluten-Free, Plant-Based Recipes--All Under 300 Calories",Â£11.38,Five
Christian Fiction,Redeeming Love,Â£20.47,Five
Christian Fiction,Close to You,Â£49.46,Four
Christian Fiction,Shadows of the Past (Logan Point #1),Â£39.67,Five
Christian Fiction,Like Never Before (Walker Family #2),Â£28.77,Two
Christian Fiction,Counted With the Stars (Out from Egypt #1),Â£17.97,Five
Christian Fiction,If I Run (If I Run #1),Â£49.97,Four
Business,The Dirty Little Secrets of Getting Your Dream Job,Â£33.34,Four
Business,The Third Wave: An Entrepreneurâs Vision of the Future,Â£12.61,Five
Business,The 10% Entrepreneur: Live Your Startup Dream Without Quitting Your Day Job,Â£27.55,Three
Business,Shoe Dog: A Memoir by the Creator of NIKE,Â£23.99,Two
Business,Made to Stick: Why Some Ideas Survive and Others Die,Â£38.85,Five
Business,Quench Your Own Thirst: Business Lessons Learned Over a Beer or Two,Â£43.14,One
Business,The Art of Startup Fundraising,Â£21.00,Three
Business,Born for This: How to Find the Work You Were Meant to Do,Â£21.59,Five
Business,The E-Myth Revisited: Why Most Small Businesses Don't Work and What to Do About It,Â£36.91,One
Business,"Rich Dad, Poor Dad",Â£51.74,One
Business,The Lean Startup: How Today's Entrepreneurs Use Continuous Innovation to Create Radically Successful Businesses,Â£33.92,Three
Business,Rework,Â£44.88,Two
Biography,Louisa: The Extraordinary Life of Mrs. Adams,Â£16.85,Two
Biography,"Setting the World on Fire: The Brief, Astonishing Life of St. Catherine of Siena",Â£21.15,Two
Biography,The Faith of Christopher Hitchens: The Restless Soul of the World's Most Notorious Atheist,Â£39.55,One
Biography,Benjamin Franklin: An American Life,Â£48.19,Three
Biography,The Rise of Theodore Roosevelt (Theodore Roosevelt #1),Â£42.57,Three
Thriller,In Her Wake,Â£12.84,One
Thriller,The Elephant Tree,Â£23.82,Five
Thriller,Behind Closed Doors,Â£52.22,Four
Thriller,You (You #1),Â£43.61,Five
Thriller,The Guilty (Will Robie #4),Â£13.82,Two
Thriller,The 14th Colony (Cotton Malone #11),Â£39.24,One
Thriller,Give It Back,Â£18.32,Two
Thriller,Killing Floor (Jack Reacher #1),Â£31.49,Four
Thriller,The Bone Hunters (Lexy Vaughan & Steven Macaulay #2),Â£59.71,Three
Thriller,Far From True (Promise Falls Trilogy #2),Â£34.93,Two
Thriller,The Travelers,Â£15.77,One
Contemporary,When We Collided,Â£31.77,One
Contemporary,Someone Like You (The Harrisons #2),Â£52.79,Five
Contemporary,We Are All Completely Beside Ourselves,Â£24.04,One
Spirituality,The Four Agreements: A Practical Guide to Personal Freedom,Â£17.66,Five
Spirituality,The Activist's Tao Te Ching: Ancient Advice for a Modern Revolution,Â£32.24,Five
Spirituality,Chasing Heaven: What Dying Taught Me About Living,Â£37.80,Two
Spirituality,If I Gave You God's Phone Number....: Searching for Spirituality in America,Â£20.91,One
Spirituality,Unreasonable Hope: Finding Faith in the God Who Brings Purpose to Your Pain,Â£46.33,Two
Spirituality,A New Earth: Awakening to Your Life's Purpose,Â£55.65,Five
Academic,Logan Kade (Fallen Crest High #5.5),Â£13.12,Two
Self Help,Online Marketing for Busy Authors: A Step-By-Step Guide,Â£46.35,One
Self Help,How to Be Miserable: 40 Strategies You Already Use,Â£46.03,One
Self Help,"Overload: How to Unplug, Unwind, and Unleash Yourself from the Pressure of Stress",Â£52.15,Three
Self Help,You Are a Badass: How to Stop Doubting Your Greatness and Start Living an Awesome Life,Â£12.08,Three
Self Help,How to Stop Worrying and Start Living,Â£46.49,Five
Historical,All the Light We Cannot See,Â£29.87,Five
Historical,The Girl You Left Behind (The Girl You Left Behind #1),Â£15.79,One
Christian,(Un)Qualified: How God Uses Broken People to Do Big Things,Â£54.00,Five
Christian,Crazy Love: Overwhelmed by a Relentless God,Â£47.72,Two
Christian,Blue Like Jazz: Nonreligious Thoughts on Christian Spirituality,Â£25.77,One
Suspense,Silence in the Dark (Logan Point #4),Â£58.33,Three
Short Stories,The Grownup,Â£35.88,One
Novels,Suzie Snowflake: One beautiful flake (a self-esteem story),Â£54.81,Five
Health,"The Bulletproof Diet: Lose up to a Pound a Day, Reclaim Energy and Focus, Upgrade Your Life",Â£49.05,Three
Health,"Eat Fat, Get Thin",Â£54.07,Two
Health,10-Day Green Smoothie Cleanse: Lose Up to 15 Pounds in 10 Days!,Â£49.71,Five
Health,The Art and Science of Low Carbohydrate Living,Â£52.98,Five
Politics,Libertarianism for Beginners,Â£51.33,Two
Politics,Why the Right Went Wrong: Conservatism--From Goldwater to the Tea Party and Beyond,Â£52.65,Four
Politics,Equal Is Unfair: America's Misguided Fight Against Income Inequality,Â£56.86,One
Cultural,Amid the Chaos,Â£36.58,One
Erotica,Dark Notes,Â£19.19,Five
Crime,The Long Shadow of Small Ghosts: Murder and Memory in an American City,Â£10.97,One
